ms_snapshot_id,ms_ticket_url_id,ms_ticket_url,ms_scraped_at_utc,ms_status,ms_error_message,ms_event_name,ms_event_url,ms_venue,ms_city,ms_country,ms_event_date_local,ms_ticket_type_label,ms_currency,ms_listing_count,ms_wanted_count,ms_sold_count,ms_lowest_ask,ms_highest_ask,ms_median_ask,ms_average_ask,ms_new_listings_since_prev,ms_removed_listings_since_prev,ms_estimated_sale_speed_listings_per_hour,ms_raw_debug_json,ls_listing_snapshot_id,ls_listing_fingerprint,ls_quantity,ls_price_per_ticket,ls_currency,ls_raw_text,ls_seller_hint
1,1,https://www.ticketswap.com/festival-tickets/awakenings-festival-2026-hilvarenbeek-beekse-bergen-2026-07-10-TXJX6gNaqqsGTTbeAH4xcK/sunday-ticket-early-bird/5601999,2026-04-09T18:19:40Z,blocked,verification_page_detected,,,,,,,,,,,,,,,,,,,"{""page_title"": ""Awakenings Festival 2026 – Buy and sell tickets – TicketSwap"", ""url"": ""https://www.ticketswap.com/festival-tickets/awakenings-festival-2026-hilvarenbeek-beekse-bergen-2026-07-10-TXJX6gNaqqsGTTbeAH4xcK/sunday-ticket-early-bird/5601999""}",,,,,,,
2,2,https://www.ticketswap.com/festival-tickets/kralingse-bos-festival-2026-rotterdam-kralingse-bos-2026-04-26-CYZPHLwGXot6LZ23j3Ee4/koningsdag/5923356,2026-04-10T13:34:27Z,blocked,verification_page_detected,,,,,,,,,,,,,,,,,,,"{""page_title"": ""Kralingse Bos Festival 2026 – Buy and sell tickets – TicketSwap"", ""url"": ""https://www.ticketswap.com/festival-tickets/kralingse-bos-festival-2026-rotterdam-kralingse-bos-2026-04-26-CYZPHLwGXot6LZ23j3Ee4/koningsdag/5923356""}",,,,,,,
3,1,https://www.ticketswap.com/festival-tickets/awakenings-festival-2026-hilvarenbeek-beekse-bergen-2026-07-10-TXJX6gNaqqsGTTbeAH4xcK/sunday-ticket-early-bird/5601999,2026-04-10T13:36:07Z,blocked,verification_page_detected,,,,,,,,,,,,,,,,,,,"{""page_title"": ""Awakenings Festival 2026 – Buy and sell tickets – TicketSwap"", ""url"": ""https://www.ticketswap.com/festival-tickets/awakenings-festival-2026-hilvarenbeek-beekse-bergen-2026-07-10-TXJX6gNaqqsGTTbeAH4xcK/sunday-ticket-early-bird/5601999""}",,,,,,,
4,2,https://www.ticketswap.com/festival-tickets/kralingse-bos-festival-2026-rotterdam-kralingse-bos-2026-04-26-CYZPHLwGXot6LZ23j3Ee4/koningsdag/5923356,2026-04-10T13:54:06Z,blocked,verification_page_detected,,,,,,,,,,,,,,,,,,,"{""page_title"": ""Kralingse Bos Festival 2026 – Buy and sell tickets – TicketSwap"", ""url"": ""https://www.ticketswap.com/festival-tickets/kralingse-bos-festival-2026-rotterdam-kralingse-bos-2026-04-26-CYZPHLwGXot6LZ23j3Ee4/koningsdag/5923356""}",,,,,,,
5,2,https://www.ticketswap.com/festival-tickets/kralingse-bos-festival-2026-rotterdam-kralingse-bos-2026-04-26-CYZPHLwGXot6LZ23j3Ee4/koningsdag/5923356,2026-04-11T11:04:19Z,blocked,verification_page_detected,,,,,,,,,,,,,,,,,,,"{""page_title"": ""Kralingse Bos Festival 2026 – Buy and sell tickets – TicketSwap"", ""url"": ""https://www.ticketswap.com/festival-tickets/kralingse-bos-festival-2026-rotterdam-kralingse-bos-2026-04-26-CYZPHLwGXot6LZ23j3Ee4/koningsdag/5923356""}",,,,,,,
6,2,https://www.ticketswap.com/festival-tickets/kralingse-bos-festival-2026-rotterdam-kralingse-bos-2026-04-26-CYZPHLwGXot6LZ23j3Ee4/koningsdag/5923356,2026-04-11T11:08:18Z,blocked,verification_page_detected,,,,,,,,,,,,,,,,,,,"{""page_title"": ""Verifying"", ""url"": ""https://www.ticketswap.com/festival-tickets/kralingse-bos-festival-2026-rotterdam-kralingse-bos-2026-04-26-CYZPHLwGXot6LZ23j3Ee4/koningsdag/5923356""}",,,,,,,
7,2,https://www.ticketswap.com/festival-tickets/kralingse-bos-festival-2026-rotterdam-kralingse-bos-2026-04-26-CYZPHLwGXot6LZ23j3Ee4/koningsdag/5923356,2026-04-11T11:10:18Z,ok,,Kralingse Bos Festival 2026,,How to sell,Become a partner,Sell your tickets,2026-04-27,Koningsdag,EUR,7,90,21,50.7,62.82,56.21,57.62571428571429,,,,"{""url"": ""https://www.ticketswap.com/festival-tickets/kralingse-bos-festival-2026-rotterdam-kralingse-bos-2026-04-26-CYZPHLwGXot6LZ23j3Ee4/koningsdag/5923356"", ""page_title"": ""saved-html-replay"", ""prices_sample"": [50.7, 56.21, 56.21, 56.21, 58.41, 62.82, 62.82]}",1,https-www-ticketswap-com-listing-kralingse-bos-festival-2026-19745443-82c7258b7a-4-eur-50-70,4,50.7,EUR,"4 tickets Koningsdag ""(Ook per stuk te koop) We kunnen helaas zelf niet meer gaan, have fun!"" €50.70 / ticket",Avatar
7,2,https://www.ticketswap.com/festival-tickets/kralingse-bos-festival-2026-rotterdam-kralingse-bos-2026-04-26-CYZPHLwGXot6LZ23j3Ee4/koningsdag/5923356,2026-04-11T11:10:18Z,ok,,Kralingse Bos Festival 2026,,How to sell,Become a partner,Sell your tickets,2026-04-27,Koningsdag,EUR,7,90,21,50.7,62.82,56.21,57.62571428571429,,,,"{""url"": ""https://www.ticketswap.com/festival-tickets/kralingse-bos-festival-2026-rotterdam-kralingse-bos-2026-04-26-CYZPHLwGXot6LZ23j3Ee4/koningsdag/5923356"", ""page_title"": ""saved-html-replay"", ""prices_sample"": [50.7, 56.21, 56.21, 56.21, 58.41, 62.82, 62.82]}",2,https-www-ticketswap-com-listing-kralingse-bos-festival-2026-19724855-2d356127ea-4-eur-56-21,4,56.21,EUR,"4 tickets Koningsdag ""Groepsticket. We hebben besloten ergens anders heen te gaan."" €56.21 / ticket",Avatar
7,2,https://www.ticketswap.com/festival-tickets/kralingse-bos-festival-2026-rotterdam-kralingse-bos-2026-04-26-CYZPHLwGXot6LZ23j3Ee4/koningsdag/5923356,2026-04-11T11:10:18Z,ok,,Kralingse Bos Festival 2026,,How to sell,Become a partner,Sell your tickets,2026-04-27,Koningsdag,EUR,7,90,21,50.7,62.82,56.21,57.62571428571429,,,,"{""url"": ""https://www.ticketswap.com/festival-tickets/kralingse-bos-festival-2026-rotterdam-kralingse-bos-2026-04-26-CYZPHLwGXot6LZ23j3Ee4/koningsdag/5923356"", ""page_title"": ""saved-html-replay"", ""prices_sample"": [50.7, 56.21, 56.21, 56.21, 58.41, 62.82, 62.82]}",3,https-www-ticketswap-com-listing-kralingse-bos-festival-2026-19739080-0be640a9cb-3-eur-56-21,3,56.21,EUR,3 tickets Koningsdag €56.21 / ticket,Avatar
7,2,https://www.ticketswap.com/festival-tickets/kralingse-bos-festival-2026-rotterdam-kralingse-bos-2026-04-26-CYZPHLwGXot6LZ23j3Ee4/koningsdag/5923356,2026-04-11T11:10:18Z,ok,,Kralingse Bos Festival 2026,,How to sell,Become a partner,Sell your tickets,2026-04-27,Koningsdag,EUR,7,90,21,50.7,62.82,56.21,57.62571428571429,,,,"{""url"": ""https://www.ticketswap.com/festival-tickets/kralingse-bos-festival-2026-rotterdam-kralingse-bos-2026-04-26-CYZPHLwGXot6LZ23j3Ee4/koningsdag/5923356"", ""page_title"": ""saved-html-replay"", ""prices_sample"": [50.7, 56.21, 56.21, 56.21, 58.41, 62.82, 62.82]}",4,https-www-ticketswap-com-listing-kralingse-bos-festival-2026-19743070-8c18f1f9a8-1-eur-56-21,1,56.21,EUR,"1 ticket Koningsdag ""konings dag ticket te koop ik ga niet meer"" €56.21 / ticket",Avatar
7,2,https://www.ticketswap.com/festival-tickets/kralingse-bos-festival-2026-rotterdam-kralingse-bos-2026-04-26-CYZPHLwGXot6LZ23j3Ee4/koningsdag/5923356,2026-04-11T11:10:18Z,ok,,Kralingse Bos Festival 2026,,How to sell,Become a partner,Sell your tickets,2026-04-27,Koningsdag,EUR,7,90,21,50.7,62.82,56.21,57.62571428571429,,,,"{""url"": ""https://www.ticketswap.com/festival-tickets/kralingse-bos-festival-2026-rotterdam-kralingse-bos-2026-04-26-CYZPHLwGXot6LZ23j3Ee4/koningsdag/5923356"", ""page_title"": ""saved-html-replay"", ""prices_sample"": [50.7, 56.21, 56.21, 56.21, 58.41, 62.82, 62.82]}",5,https-www-ticketswap-com-listing-kralingse-bos-festival-2026-19732772-39c835aca0-1-eur-58-41,1,58.41,EUR,"1 ticket Koningsdag ""Ik wil mijn ticket verkopen."" €58.41 / ticket",Avatar
7,2,https://www.ticketswap.com/festival-tickets/kralingse-bos-festival-2026-rotterdam-kralingse-bos-2026-04-26-CYZPHLwGXot6LZ23j3Ee4/koningsdag/5923356,2026-04-11T11:10:18Z,ok,,Kralingse Bos Festival 2026,,How to sell,Become a partner,Sell your tickets,2026-04-27,Koningsdag,EUR,7,90,21,50.7,62.82,56.21,57.62571428571429,,,,"{""url"": ""https://www.ticketswap.com/festival-tickets/kralingse-bos-festival-2026-rotterdam-kralingse-bos-2026-04-26-CYZPHLwGXot6LZ23j3Ee4/koningsdag/5923356"", ""page_title"": ""saved-html-replay"", ""prices_sample"": [50.7, 56.21, 56.21, 56.21, 58.41, 62.82, 62.82]}",6,https-www-ticketswap-com-listing-kralingse-bos-festival-2026-18946528-1aa2b21303-1-eur-62-82,1,62.82,EUR,"1 ticket Koningsdag ""Have Fun"" €62.82 / ticket",Avatar
7,2,https://www.ticketswap.com/festival-tickets/kralingse-bos-festival-2026-rotterdam-kralingse-bos-2026-04-26-CYZPHLwGXot6LZ23j3Ee4/koningsdag/5923356,2026-04-11T11:10:18Z,ok,,Kralingse Bos Festival 2026,,How to sell,Become a partner,Sell your tickets,2026-04-27,Koningsdag,EUR,7,90,21,50.7,62.82,56.21,57.62571428571429,,,,"{""url"": ""https://www.ticketswap.com/festival-tickets/kralingse-bos-festival-2026-rotterdam-kralingse-bos-2026-04-26-CYZPHLwGXot6LZ23j3Ee4/koningsdag/5923356"", ""page_title"": ""saved-html-replay"", ""prices_sample"": [50.7, 56.21, 56.21, 56.21, 58.41, 62.82, 62.82]}",7,https-www-ticketswap-com-listing-kralingse-bos-festival-2026-19588580-5a17ddbf00-1-eur-62-82,1,62.82,EUR,"1 ticket Koningsdag ""ticket over iemand heeft afgezegd"" €62.82 / ticket",Avatar
8,2,https://www.ticketswap.com/festival-tickets/kralingse-bos-festival-2026-rotterdam-kralingse-bos-2026-04-26-CYZPHLwGXot6LZ23j3Ee4/koningsdag/5923356,2026-04-11T11:36:24Z,ok,,Kralingse Bos Festival 2026,,Kralingse Bos Festival 2026,Kralingse Bos,Rotterdam,2026-04-27,Koningsdag,EUR,7,91,23,50.7,62.82,56.21,57.46857142857142,,,,"{""url"": ""https://www.ticketswap.com/festival-tickets/kralingse-bos-festival-2026-rotterdam-kralingse-bos-2026-04-26-CYZPHLwGXot6LZ23j3Ee4/koningsdag/5923356"", ""page_title"": ""Kralingse Bos Festival 2026 – Buy and sell tickets – TicketSwap"", ""prices_sample"": [50.7, 55.11, 56.21, 56.21, 58.41, 62.82, 62.82]}",8,https-www-ticketswap-com-listing-kralingse-bos-festival-2026-19745443-82c7258b7a-3-eur-50-70,3,50.7,EUR,"3 tickets Koningsdag ""(Ook per stuk te koop) We kunnen helaas zelf niet meer gaan, have fun!"" €50.70 / ticket",Avatar
8,2,https://www.ticketswap.com/festival-tickets/kralingse-bos-festival-2026-rotterdam-kralingse-bos-2026-04-26-CYZPHLwGXot6LZ23j3Ee4/koningsdag/5923356,2026-04-11T11:36:24Z,ok,,Kralingse Bos Festival 2026,,Kralingse Bos Festival 2026,Kralingse Bos,Rotterdam,2026-04-27,Koningsdag,EUR,7,91,23,50.7,62.82,56.21,57.46857142857142,,,,"{""url"": ""https://www.ticketswap.com/festival-tickets/kralingse-bos-festival-2026-rotterdam-kralingse-bos-2026-04-26-CYZPHLwGXot6LZ23j3Ee4/koningsdag/5923356"", ""page_title"": ""Kralingse Bos Festival 2026 – Buy and sell tickets – TicketSwap"", ""prices_sample"": [50.7, 55.11, 56.21, 56.21, 58.41, 62.82, 62.82]}",9,https-www-ticketswap-com-listing-kralingse-bos-festival-2026-19739080-0be640a9cb-3-eur-55-11,3,55.11,EUR,3 tickets Koningsdag €55.11 / ticket,Avatar
8,2,https://www.ticketswap.com/festival-tickets/kralingse-bos-festival-2026-rotterdam-kralingse-bos-2026-04-26-CYZPHLwGXot6LZ23j3Ee4/koningsdag/5923356,2026-04-11T11:36:24Z,ok,,Kralingse Bos Festival 2026,,Kralingse Bos Festival 2026,Kralingse Bos,Rotterdam,2026-04-27,Koningsdag,EUR,7,91,23,50.7,62.82,56.21,57.46857142857142,,,,"{""url"": ""https://www.ticketswap.com/festival-tickets/kralingse-bos-festival-2026-rotterdam-kralingse-bos-2026-04-26-CYZPHLwGXot6LZ23j3Ee4/koningsdag/5923356"", ""page_title"": ""Kralingse Bos Festival 2026 – Buy and sell tickets – TicketSwap"", ""prices_sample"": [50.7, 55.11, 56.21, 56.21, 58.41, 62.82, 62.82]}",10,https-www-ticketswap-com-listing-kralingse-bos-festival-2026-19724855-2d356127ea-4-eur-56-21,4,56.21,EUR,"4 tickets Koningsdag ""Groepsticket. We hebben besloten ergens anders heen te gaan."" €56.21 / ticket",Avatar
8,2,https://www.ticketswap.com/festival-tickets/kralingse-bos-festival-2026-rotterdam-kralingse-bos-2026-04-26-CYZPHLwGXot6LZ23j3Ee4/koningsdag/5923356,2026-04-11T11:36:24Z,ok,,Kralingse Bos Festival 2026,,Kralingse Bos Festival 2026,Kralingse Bos,Rotterdam,2026-04-27,Koningsdag,EUR,7,91,23,50.7,62.82,56.21,57.46857142857142,,,,"{""url"": ""https://www.ticketswap.com/festival-tickets/kralingse-bos-festival-2026-rotterdam-kralingse-bos-2026-04-26-CYZPHLwGXot6LZ23j3Ee4/koningsdag/5923356"", ""page_title"": ""Kralingse Bos Festival 2026 – Buy and sell tickets – TicketSwap"", ""prices_sample"": [50.7, 55.11, 56.21, 56.21, 58.41, 62.82, 62.82]}",11,https-www-ticketswap-com-listing-kralingse-bos-festival-2026-19743070-8c18f1f9a8-1-eur-56-21,1,56.21,EUR,"1 ticket Koningsdag ""konings dag ticket te koop ik ga niet meer"" €56.21 / ticket",Avatar
8,2,https://www.ticketswap.com/festival-tickets/kralingse-bos-festival-2026-rotterdam-kralingse-bos-2026-04-26-CYZPHLwGXot6LZ23j3Ee4/koningsdag/5923356,2026-04-11T11:36:24Z,ok,,Kralingse Bos Festival 2026,,Kralingse Bos Festival 2026,Kralingse Bos,Rotterdam,2026-04-27,Koningsdag,EUR,7,91,23,50.7,62.82,56.21,57.46857142857142,,,,"{""url"": ""https://www.ticketswap.com/festival-tickets/kralingse-bos-festival-2026-rotterdam-kralingse-bos-2026-04-26-CYZPHLwGXot6LZ23j3Ee4/koningsdag/5923356"", ""page_title"": ""Kralingse Bos Festival 2026 – Buy and sell tickets – TicketSwap"", ""prices_sample"": [50.7, 55.11, 56.21, 56.21, 58.41, 62.82, 62.82]}",12,https-www-ticketswap-com-listing-kralingse-bos-festival-2026-19732772-39c835aca0-1-eur-58-41,1,58.41,EUR,"1 ticket Koningsdag ""Ik wil mijn ticket verkopen."" €58.41 / ticket",Avatar
8,2,https://www.ticketswap.com/festival-tickets/kralingse-bos-festival-2026-rotterdam-kralingse-bos-2026-04-26-CYZPHLwGXot6LZ23j3Ee4/koningsdag/5923356,2026-04-11T11:36:24Z,ok,,Kralingse Bos Festival 2026,,Kralingse Bos Festival 2026,Kralingse Bos,Rotterdam,2026-04-27,Koningsdag,EUR,7,91,23,50.7,62.82,56.21,57.46857142857142,,,,"{""url"": ""https://www.ticketswap.com/festival-tickets/kralingse-bos-festival-2026-rotterdam-kralingse-bos-2026-04-26-CYZPHLwGXot6LZ23j3Ee4/koningsdag/5923356"", ""page_title"": ""Kralingse Bos Festival 2026 – Buy and sell tickets – TicketSwap"", ""prices_sample"": [50.7, 55.11, 56.21, 56.21, 58.41, 62.82, 62.82]}",13,https-www-ticketswap-com-listing-kralingse-bos-festival-2026-18946528-1aa2b21303-1-eur-62-82,1,62.82,EUR,"1 ticket Koningsdag ""Have Fun"" €62.82 / ticket",Avatar
8,2,https://www.ticketswap.com/festival-tickets/kralingse-bos-festival-2026-rotterdam-kralingse-bos-2026-04-26-CYZPHLwGXot6LZ23j3Ee4/koningsdag/5923356,2026-04-11T11:36:24Z,ok,,Kralingse Bos Festival 2026,,Kralingse Bos Festival 2026,Kralingse Bos,Rotterdam,2026-04-27,Koningsdag,EUR,7,91,23,50.7,62.82,56.21,57.46857142857142,,,,"{""url"": ""https://www.ticketswap.com/festival-tickets/kralingse-bos-festival-2026-rotterdam-kralingse-bos-2026-04-26-CYZPHLwGXot6LZ23j3Ee4/koningsdag/5923356"", ""page_title"": ""Kralingse Bos Festival 2026 – Buy and sell tickets – TicketSwap"", ""prices_sample"": [50.7, 55.11, 56.21, 56.21, 58.41, 62.82, 62.82]}",14,https-www-ticketswap-com-listing-kralingse-bos-festival-2026-19588580-5a17ddbf00-1-eur-62-82,1,62.82,EUR,"1 ticket Koningsdag ""ticket over iemand heeft afgezegd"" €62.82 / ticket",Avatar
9,3,https://www.ticketswap.com/festival-tickets/kralingse-bos-festival-2026-rotterdam-kralingse-bos-2026-04-26-CYZPHLwGXot6LZ23j3Ee4/koningsnacht/5803609,2026-04-11T11:36:33Z,ok,,Kralingse Bos Festival 2026,,Kralingse Bos Festival 2026,Kralingse Bos,Rotterdam,2026-04-26,Koningsnacht,EUR,2,72,14,41.88,46.29,44.085,44.085,,,,"{""url"": ""https://www.ticketswap.com/festival-tickets/kralingse-bos-festival-2026-rotterdam-kralingse-bos-2026-04-26-CYZPHLwGXot6LZ23j3Ee4/koningsnacht/5803609"", ""page_title"": ""Kralingse Bos Festival 2026 – Buy and sell tickets – TicketSwap"", ""prices_sample"": [41.88, 46.29]}",15,https-www-ticketswap-com-listing-kralingse-bos-festival-2026-19492143-dcb3162bbc-2-eur-41-88,2,41.88,EUR,2 tickets Koningsnacht €41.88 / ticket,Avatar
9,3,https://www.ticketswap.com/festival-tickets/kralingse-bos-festival-2026-rotterdam-kralingse-bos-2026-04-26-CYZPHLwGXot6LZ23j3Ee4/koningsnacht/5803609,2026-04-11T11:36:33Z,ok,,Kralingse Bos Festival 2026,,Kralingse Bos Festival 2026,Kralingse Bos,Rotterdam,2026-04-26,Koningsnacht,EUR,2,72,14,41.88,46.29,44.085,44.085,,,,"{""url"": ""https://www.ticketswap.com/festival-tickets/kralingse-bos-festival-2026-rotterdam-kralingse-bos-2026-04-26-CYZPHLwGXot6LZ23j3Ee4/koningsnacht/5803609"", ""page_title"": ""Kralingse Bos Festival 2026 – Buy and sell tickets – TicketSwap"", ""prices_sample"": [41.88, 46.29]}",16,https-www-ticketswap-com-listing-kralingse-bos-festival-2026-19078949-d7d96da33c-1-eur-46-29,1,46.29,EUR,"1 ticket Koningsnacht ""Koningsnacht ticket 2x"" €46.29 / ticket",Avatar
10,4,https://www.ticketswap.com/festival-tickets/kralingse-bos-festival-2026-rotterdam-kralingse-bos-2026-04-26-CYZPHLwGXot6LZ23j3Ee4/early-entrance-koningsdag/5923357,2026-04-11T11:36:44Z,ok,,Kralingse Bos Festival 2026,,Kralingse Bos Festival 2026,Kralingse Bos,Rotterdam,2026-04-27,Early Entrance | Koningsdag,EUR,4,71,5,55.11,59.51,57.31,57.31,,,,"{""url"": ""https://www.ticketswap.com/festival-tickets/kralingse-bos-festival-2026-rotterdam-kralingse-bos-2026-04-26-CYZPHLwGXot6LZ23j3Ee4/early-entrance-koningsdag/5923357"", ""page_title"": ""Kralingse Bos Festival 2026 – Buy and sell tickets – TicketSwap"", ""prices_sample"": [55.11, 55.11, 59.51, 59.51]}",17,https-www-ticketswap-com-listing-kralingse-bos-festival-2026-19666986-81d87685d9-1-eur-55-11,1,55.11,EUR,1 ticket Early Entrance | Koningsdag €55.11 / ticket,Avatar
10,4,https://www.ticketswap.com/festival-tickets/kralingse-bos-festival-2026-rotterdam-kralingse-bos-2026-04-26-CYZPHLwGXot6LZ23j3Ee4/early-entrance-koningsdag/5923357,2026-04-11T11:36:44Z,ok,,Kralingse Bos Festival 2026,,Kralingse Bos Festival 2026,Kralingse Bos,Rotterdam,2026-04-27,Early Entrance | Koningsdag,EUR,4,71,5,55.11,59.51,57.31,57.31,,,,"{""url"": ""https://www.ticketswap.com/festival-tickets/kralingse-bos-festival-2026-rotterdam-kralingse-bos-2026-04-26-CYZPHLwGXot6LZ23j3Ee4/early-entrance-koningsdag/5923357"", ""page_title"": ""Kralingse Bos Festival 2026 – Buy and sell tickets – TicketSwap"", ""prices_sample"": [55.11, 55.11, 59.51, 59.51]}",18,https-www-ticketswap-com-listing-kralingse-bos-festival-2026-19684894-4f7d383991-2-eur-55-11,2,55.11,EUR,2 tickets Early Entrance | Koningsdag €55.11 / ticket,Avatar
10,4,https://www.ticketswap.com/festival-tickets/kralingse-bos-festival-2026-rotterdam-kralingse-bos-2026-04-26-CYZPHLwGXot6LZ23j3Ee4/early-entrance-koningsdag/5923357,2026-04-11T11:36:44Z,ok,,Kralingse Bos Festival 2026,,Kralingse Bos Festival 2026,Kralingse Bos,Rotterdam,2026-04-27,Early Entrance | Koningsdag,EUR,4,71,5,55.11,59.51,57.31,57.31,,,,"{""url"": ""https://www.ticketswap.com/festival-tickets/kralingse-bos-festival-2026-rotterdam-kralingse-bos-2026-04-26-CYZPHLwGXot6LZ23j3Ee4/early-entrance-koningsdag/5923357"", ""page_title"": ""Kralingse Bos Festival 2026 – Buy and sell tickets – TicketSwap"", ""prices_sample"": [55.11, 55.11, 59.51, 59.51]}",19,https-www-ticketswap-com-listing-kralingse-bos-festival-2026-19684685-faa9c0092e-1-eur-59-51,1,59.51,EUR,1 ticket Early Entrance | Koningsdag €59.51 / ticket,Avatar
10,4,https://www.ticketswap.com/festival-tickets/kralingse-bos-festival-2026-rotterdam-kralingse-bos-2026-04-26-CYZPHLwGXot6LZ23j3Ee4/early-entrance-koningsdag/5923357,2026-04-11T11:36:44Z,ok,,Kralingse Bos Festival 2026,,Kralingse Bos Festival 2026,Kralingse Bos,Rotterdam,2026-04-27,Early Entrance | Koningsdag,EUR,4,71,5,55.11,59.51,57.31,57.31,,,,"{""url"": ""https://www.ticketswap.com/festival-tickets/kralingse-bos-festival-2026-rotterdam-kralingse-bos-2026-04-26-CYZPHLwGXot6LZ23j3Ee4/early-entrance-koningsdag/5923357"", ""page_title"": ""Kralingse Bos Festival 2026 – Buy and sell tickets – TicketSwap"", ""prices_sample"": [55.11, 55.11, 59.51, 59.51]}",20,https-www-ticketswap-com-listing-kralingse-bos-festival-2026-19684724-7d7b7bb4f7-1-eur-59-51,1,59.51,EUR,1 ticket Early Entrance | Koningsdag €59.51 / ticket,Avatar
11,5,https://www.ticketswap.com/festival-tickets/kralingse-bos-festival-2026-rotterdam-kralingse-bos-2026-04-26-CYZPHLwGXot6LZ23j3Ee4/combiticket-kingsnight-kingsday/5923347,2026-04-11T11:36:55Z,no_data,,Kralingse Bos Festival 2026,,Kralingse Bos Festival 2026,Kralingse Bos,Rotterdam,,Combiticket: Kingsnight + Kingsday,,0,68,0,,,,,,,,"{""url"": ""https://www.ticketswap.com/festival-tickets/kralingse-bos-festival-2026-rotterdam-kralingse-bos-2026-04-26-CYZPHLwGXot6LZ23j3Ee4/combiticket-kingsnight-kingsday/5923347"", ""page_title"": ""Kralingse Bos Festival 2026 – Buy and sell tickets – TicketSwap"", ""prices_sample"": []}",,,,,,,
12,7,https://www.ticketswap.com/festival-tickets/soenda-festival-2026-utrecht-ruigenhoekse-polder-2026-05-30-5D4Kfqx4CYJuQi9gUvyyno/regular-tickets/4785146,2026-04-11T11:37:05Z,ok,,Soenda Festival 2026,,Soenda Festival 2026,Ruigenhoekse Polder,Utrecht,2026-05-30,Regular,EUR,20,1647,,98.09,108.01,104.7,103.80250000000001,,,,"{""url"": ""https://www.ticketswap.com/festival-tickets/soenda-festival-2026-utrecht-ruigenhoekse-polder-2026-05-30-5D4Kfqx4CYJuQi9gUvyyno/regular-tickets/4785146"", ""page_title"": ""Soenda Festival 2026 – Buy and sell tickets – TicketSwap"", ""prices_sample"": [98.09, 99.19, 99.19, 99.19, 101.18, 103.48, 103.6, 104.7, 104.7, 104.7, 104.7, 104.7, 104.7, 104.7, 104.7, 104.7, 105.8, 108.01, 108.01, 108.01]}",21,https-www-ticketswap-com-listing-soenda-festival-2026-19768689-e0cc110843-1-eur-98-09,1,98.09,EUR,1 ticket Regular €98.09 / ticket,Avatar
12,7,https://www.ticketswap.com/festival-tickets/soenda-festival-2026-utrecht-ruigenhoekse-polder-2026-05-30-5D4Kfqx4CYJuQi9gUvyyno/regular-tickets/4785146,2026-04-11T11:37:05Z,ok,,Soenda Festival 2026,,Soenda Festival 2026,Ruigenhoekse Polder,Utrecht,2026-05-30,Regular,EUR,20,1647,,98.09,108.01,104.7,103.80250000000001,,,,"{""url"": ""https://www.ticketswap.com/festival-tickets/soenda-festival-2026-utrecht-ruigenhoekse-polder-2026-05-30-5D4Kfqx4CYJuQi9gUvyyno/regular-tickets/4785146"", ""page_title"": ""Soenda Festival 2026 – Buy and sell tickets – TicketSwap"", ""prices_sample"": [98.09, 99.19, 99.19, 99.19, 101.18, 103.48, 103.6, 104.7, 104.7, 104.7, 104.7, 104.7, 104.7, 104.7, 104.7, 104.7, 105.8, 108.01, 108.01, 108.01]}",22,https-www-ticketswap-com-listing-soenda-festival-2026-19755249-a91b536f90-4-eur-99-19,4,99.19,EUR,4 tickets Regular €99.19 / ticket,Avatar
12,7,https://www.ticketswap.com/festival-tickets/soenda-festival-2026-utrecht-ruigenhoekse-polder-2026-05-30-5D4Kfqx4CYJuQi9gUvyyno/regular-tickets/4785146,2026-04-11T11:37:05Z,ok,,Soenda Festival 2026,,Soenda Festival 2026,Ruigenhoekse Polder,Utrecht,2026-05-30,Regular,EUR,20,1647,,98.09,108.01,104.7,103.80250000000001,,,,"{""url"": ""https://www.ticketswap.com/festival-tickets/soenda-festival-2026-utrecht-ruigenhoekse-polder-2026-05-30-5D4Kfqx4CYJuQi9gUvyyno/regular-tickets/4785146"", ""page_title"": ""Soenda Festival 2026 – Buy and sell tickets – TicketSwap"", ""prices_sample"": [98.09, 99.19, 99.19, 99.19, 101.18, 103.48, 103.6, 104.7, 104.7, 104.7, 104.7, 104.7, 104.7, 104.7, 104.7, 104.7, 105.8, 108.01, 108.01, 108.01]}",23,https-www-ticketswap-com-listing-soenda-festival-2026-19766839-34bb905e3a-1-eur-99-19,1,99.19,EUR,1 ticket Regular €99.19 / ticket,Avatar
12,7,https://www.ticketswap.com/festival-tickets/soenda-festival-2026-utrecht-ruigenhoekse-polder-2026-05-30-5D4Kfqx4CYJuQi9gUvyyno/regular-tickets/4785146,2026-04-11T11:37:05Z,ok,,Soenda Festival 2026,,Soenda Festival 2026,Ruigenhoekse Polder,Utrecht,2026-05-30,Regular,EUR,20,1647,,98.09,108.01,104.7,103.80250000000001,,,,"{""url"": ""https://www.ticketswap.com/festival-tickets/soenda-festival-2026-utrecht-ruigenhoekse-polder-2026-05-30-5D4Kfqx4CYJuQi9gUvyyno/regular-tickets/4785146"", ""page_title"": ""Soenda Festival 2026 – Buy and sell tickets – TicketSwap"", ""prices_sample"": [98.09, 99.19, 99.19, 99.19, 101.18, 103.48, 103.6, 104.7, 104.7, 104.7, 104.7, 104.7, 104.7, 104.7, 104.7, 104.7, 105.8, 108.01, 108.01, 108.01]}",24,https-www-ticketswap-com-listing-soenda-festival-2026-19767836-bf62c2eb7f-2-eur-99-19,2,99.19,EUR,2 tickets Regular €99.19 / ticket,Avatar
12,7,https://www.ticketswap.com/festival-tickets/soenda-festival-2026-utrecht-ruigenhoekse-polder-2026-05-30-5D4Kfqx4CYJuQi9gUvyyno/regular-tickets/4785146,2026-04-11T11:37:05Z,ok,,Soenda Festival 2026,,Soenda Festival 2026,Ruigenhoekse Polder,Utrecht,2026-05-30,Regular,EUR,20,1647,,98.09,108.01,104.7,103.80250000000001,,,,"{""url"": ""https://www.ticketswap.com/festival-tickets/soenda-festival-2026-utrecht-ruigenhoekse-polder-2026-05-30-5D4Kfqx4CYJuQi9gUvyyno/regular-tickets/4785146"", ""page_title"": ""Soenda Festival 2026 – Buy and sell tickets – TicketSwap"", ""prices_sample"": [98.09, 99.19, 99.19, 99.19, 101.18, 103.48, 103.6, 104.7, 104.7, 104.7, 104.7, 104.7, 104.7, 104.7, 104.7, 104.7, 105.8, 108.01, 108.01, 108.01]}",25,https-www-ticketswap-com-listing-soenda-festival-2026-19751107-90d93d4866-1-eur-101-18,1,101.18,EUR,1 ticket Regular €101.18 / ticket,Avatar
12,7,https://www.ticketswap.com/festival-tickets/soenda-festival-2026-utrecht-ruigenhoekse-polder-2026-05-30-5D4Kfqx4CYJuQi9gUvyyno/regular-tickets/4785146,2026-04-11T11:37:05Z,ok,,Soenda Festival 2026,,Soenda Festival 2026,Ruigenhoekse Polder,Utrecht,2026-05-30,Regular,EUR,20,1647,,98.09,108.01,104.7,103.80250000000001,,,,"{""url"": ""https://www.ticketswap.com/festival-tickets/soenda-festival-2026-utrecht-ruigenhoekse-polder-2026-05-30-5D4Kfqx4CYJuQi9gUvyyno/regular-tickets/4785146"", ""page_title"": ""Soenda Festival 2026 – Buy and sell tickets – TicketSwap"", ""prices_sample"": [98.09, 99.19, 99.19, 99.19, 101.18, 103.48, 103.6, 104.7, 104.7, 104.7, 104.7, 104.7, 104.7, 104.7, 104.7, 104.7, 105.8, 108.01, 108.01, 108.01]}",26,https-www-ticketswap-com-listing-soenda-festival-2026-19744951-f1601ddafb-1-eur-103-48,1,103.48,EUR,1 ticket Regular €103.48 / ticket,Avatar
12,7,https://www.ticketswap.com/festival-tickets/soenda-festival-2026-utrecht-ruigenhoekse-polder-2026-05-30-5D4Kfqx4CYJuQi9gUvyyno/regular-tickets/4785146,2026-04-11T11:37:05Z,ok,,Soenda Festival 2026,,Soenda Festival 2026,Ruigenhoekse Polder,Utrecht,2026-05-30,Regular,EUR,20,1647,,98.09,108.01,104.7,103.80250000000001,,,,"{""url"": ""https://www.ticketswap.com/festival-tickets/soenda-festival-2026-utrecht-ruigenhoekse-polder-2026-05-30-5D4Kfqx4CYJuQi9gUvyyno/regular-tickets/4785146"", ""page_title"": ""Soenda Festival 2026 – Buy and sell tickets – TicketSwap"", ""prices_sample"": [98.09, 99.19, 99.19, 99.19, 101.18, 103.48, 103.6, 104.7, 104.7, 104.7, 104.7, 104.7, 104.7, 104.7, 104.7, 104.7, 105.8, 108.01, 108.01, 108.01]}",27,https-www-ticketswap-com-listing-soenda-festival-2026-19744794-a38436901e-1-eur-103-60,1,103.6,EUR,1 ticket Regular €103.60 / ticket,Avatar
12,7,https://www.ticketswap.com/festival-tickets/soenda-festival-2026-utrecht-ruigenhoekse-polder-2026-05-30-5D4Kfqx4CYJuQi9gUvyyno/regular-tickets/4785146,2026-04-11T11:37:05Z,ok,,Soenda Festival 2026,,Soenda Festival 2026,Ruigenhoekse Polder,Utrecht,2026-05-30,Regular,EUR,20,1647,,98.09,108.01,104.7,103.80250000000001,,,,"{""url"": ""https://www.ticketswap.com/festival-tickets/soenda-festival-2026-utrecht-ruigenhoekse-polder-2026-05-30-5D4Kfqx4CYJuQi9gUvyyno/regular-tickets/4785146"", ""page_title"": ""Soenda Festival 2026 – Buy and sell tickets – TicketSwap"", ""prices_sample"": [98.09, 99.19, 99.19, 99.19, 101.18, 103.48, 103.6, 104.7, 104.7, 104.7, 104.7, 104.7, 104.7, 104.7, 104.7, 104.7, 105.8, 108.01, 108.01, 108.01]}",28,https-www-ticketswap-com-listing-soenda-festival-2026-19725710-93a8c3ebb9-3-eur-104-70,3,104.7,EUR,3 tickets Regular €104.70 / ticket,Avatar
12,7,https://www.ticketswap.com/festival-tickets/soenda-festival-2026-utrecht-ruigenhoekse-polder-2026-05-30-5D4Kfqx4CYJuQi9gUvyyno/regular-tickets/4785146,2026-04-11T11:37:05Z,ok,,Soenda Festival 2026,,Soenda Festival 2026,Ruigenhoekse Polder,Utrecht,2026-05-30,Regular,EUR,20,1647,,98.09,108.01,104.7,103.80250000000001,,,,"{""url"": ""https://www.ticketswap.com/festival-tickets/soenda-festival-2026-utrecht-ruigenhoekse-polder-2026-05-30-5D4Kfqx4CYJuQi9gUvyyno/regular-tickets/4785146"", ""page_title"": ""Soenda Festival 2026 – Buy and sell tickets – TicketSwap"", ""prices_sample"": [98.09, 99.19, 99.19, 99.19, 101.18, 103.48, 103.6, 104.7, 104.7, 104.7, 104.7, 104.7, 104.7, 104.7, 104.7, 104.7, 105.8, 108.01, 108.01, 108.01]}",29,https-www-ticketswap-com-listing-soenda-festival-2026-19727202-0084b6481f-2-eur-104-70,2,104.7,EUR,2 tickets Regular €104.70 / ticket,Avatar
12,7,https://www.ticketswap.com/festival-tickets/soenda-festival-2026-utrecht-ruigenhoekse-polder-2026-05-30-5D4Kfqx4CYJuQi9gUvyyno/regular-tickets/4785146,2026-04-11T11:37:05Z,ok,,Soenda Festival 2026,,Soenda Festival 2026,Ruigenhoekse Polder,Utrecht,2026-05-30,Regular,EUR,20,1647,,98.09,108.01,104.7,103.80250000000001,,,,"{""url"": ""https://www.ticketswap.com/festival-tickets/soenda-festival-2026-utrecht-ruigenhoekse-polder-2026-05-30-5D4Kfqx4CYJuQi9gUvyyno/regular-tickets/4785146"", ""page_title"": ""Soenda Festival 2026 – Buy and sell tickets – TicketSwap"", ""prices_sample"": [98.09, 99.19, 99.19, 99.19, 101.18, 103.48, 103.6, 104.7, 104.7, 104.7, 104.7, 104.7, 104.7, 104.7, 104.7, 104.7, 105.8, 108.01, 108.01, 108.01]}",30,https-www-ticketswap-com-listing-soenda-festival-2026-19736535-a6d3455880-2-eur-104-70,2,104.7,EUR,2 tickets Regular €104.70 / ticket,Avatar
12,7,https://www.ticketswap.com/festival-tickets/soenda-festival-2026-utrecht-ruigenhoekse-polder-2026-05-30-5D4Kfqx4CYJuQi9gUvyyno/regular-tickets/4785146,2026-04-11T11:37:05Z,ok,,Soenda Festival 2026,,Soenda Festival 2026,Ruigenhoekse Polder,Utrecht,2026-05-30,Regular,EUR,20,1647,,98.09,108.01,104.7,103.80250000000001,,,,"{""url"": ""https://www.ticketswap.com/festival-tickets/soenda-festival-2026-utrecht-ruigenhoekse-polder-2026-05-30-5D4Kfqx4CYJuQi9gUvyyno/regular-tickets/4785146"", ""page_title"": ""Soenda Festival 2026 – Buy and sell tickets – TicketSwap"", ""prices_sample"": [98.09, 99.19, 99.19, 99.19, 101.18, 103.48, 103.6, 104.7, 104.7, 104.7, 104.7, 104.7, 104.7, 104.7, 104.7, 104.7, 105.8, 108.01, 108.01, 108.01]}",31,https-www-ticketswap-com-listing-soenda-festival-2026-19738425-f78581c970-1-eur-104-70,1,104.7,EUR,1 ticket Regular €104.70 / ticket,Avatar
12,7,https://www.ticketswap.com/festival-tickets/soenda-festival-2026-utrecht-ruigenhoekse-polder-2026-05-30-5D4Kfqx4CYJuQi9gUvyyno/regular-tickets/4785146,2026-04-11T11:37:05Z,ok,,Soenda Festival 2026,,Soenda Festival 2026,Ruigenhoekse Polder,Utrecht,2026-05-30,Regular,EUR,20,1647,,98.09,108.01,104.7,103.80250000000001,,,,"{""url"": ""https://www.ticketswap.com/festival-tickets/soenda-festival-2026-utrecht-ruigenhoekse-polder-2026-05-30-5D4Kfqx4CYJuQi9gUvyyno/regular-tickets/4785146"", ""page_title"": ""Soenda Festival 2026 – Buy and sell tickets – TicketSwap"", ""prices_sample"": [98.09, 99.19, 99.19, 99.19, 101.18, 103.48, 103.6, 104.7, 104.7, 104.7, 104.7, 104.7, 104.7, 104.7, 104.7, 104.7, 105.8, 108.01, 108.01, 108.01]}",32,https-www-ticketswap-com-listing-soenda-festival-2026-19744576-9e9ff1a7b8-1-eur-104-70,1,104.7,EUR,1 ticket Regular €104.70 / ticket,Avatar
12,7,https://www.ticketswap.com/festival-tickets/soenda-festival-2026-utrecht-ruigenhoekse-polder-2026-05-30-5D4Kfqx4CYJuQi9gUvyyno/regular-tickets/4785146,2026-04-11T11:37:05Z,ok,,Soenda Festival 2026,,Soenda Festival 2026,Ruigenhoekse Polder,Utrecht,2026-05-30,Regular,EUR,20,1647,,98.09,108.01,104.7,103.80250000000001,,,,"{""url"": ""https://www.ticketswap.com/festival-tickets/soenda-festival-2026-utrecht-ruigenhoekse-polder-2026-05-30-5D4Kfqx4CYJuQi9gUvyyno/regular-tickets/4785146"", ""page_title"": ""Soenda Festival 2026 – Buy and sell tickets – TicketSwap"", ""prices_sample"": [98.09, 99.19, 99.19, 99.19, 101.18, 103.48, 103.6, 104.7, 104.7, 104.7, 104.7, 104.7, 104.7, 104.7, 104.7, 104.7, 105.8, 108.01, 108.01, 108.01]}",33,https-www-ticketswap-com-listing-soenda-festival-2026-19754924-53d990f50d-2-eur-104-70,2,104.7,EUR,2 tickets Regular €104.70 / ticket,Avatar
12,7,https://www.ticketswap.com/festival-tickets/soenda-festival-2026-utrecht-ruigenhoekse-polder-2026-05-30-5D4Kfqx4CYJuQi9gUvyyno/regular-tickets/4785146,2026-04-11T11:37:05Z,ok,,Soenda Festival 2026,,Soenda Festival 2026,Ruigenhoekse Polder,Utrecht,2026-05-30,Regular,EUR,20,1647,,98.09,108.01,104.7,103.80250000000001,,,,"{""url"": ""https://www.ticketswap.com/festival-tickets/soenda-festival-2026-utrecht-ruigenhoekse-polder-2026-05-30-5D4Kfqx4CYJuQi9gUvyyno/regular-tickets/4785146"", ""page_title"": ""Soenda Festival 2026 – Buy and sell tickets – TicketSwap"", ""prices_sample"": [98.09, 99.19, 99.19, 99.19, 101.18, 103.48, 103.6, 104.7, 104.7, 104.7, 104.7, 104.7, 104.7, 104.7, 104.7, 104.7, 105.8, 108.01, 108.01, 108.01]}",34,https-www-ticketswap-com-listing-soenda-festival-2026-19759169-a765325147-1-eur-104-70,1,104.7,EUR,1 ticket Regular €104.70 / ticket,Avatar
12,7,https://www.ticketswap.com/festival-tickets/soenda-festival-2026-utrecht-ruigenhoekse-polder-2026-05-30-5D4Kfqx4CYJuQi9gUvyyno/regular-tickets/4785146,2026-04-11T11:37:05Z,ok,,Soenda Festival 2026,,Soenda Festival 2026,Ruigenhoekse Polder,Utrecht,2026-05-30,Regular,EUR,20,1647,,98.09,108.01,104.7,103.80250000000001,,,,"{""url"": ""https://www.ticketswap.com/festival-tickets/soenda-festival-2026-utrecht-ruigenhoekse-polder-2026-05-30-5D4Kfqx4CYJuQi9gUvyyno/regular-tickets/4785146"", ""page_title"": ""Soenda Festival 2026 – Buy and sell tickets – TicketSwap"", ""prices_sample"": [98.09, 99.19, 99.19, 99.19, 101.18, 103.48, 103.6, 104.7, 104.7, 104.7, 104.7, 104.7, 104.7, 104.7, 104.7, 104.7, 105.8, 108.01, 108.01, 108.01]}",35,https-www-ticketswap-com-listing-soenda-festival-2026-19764046-88a7af267a-2-eur-104-70,2,104.7,EUR,2 tickets Regular €104.70 / ticket,Avatar
12,7,https://www.ticketswap.com/festival-tickets/soenda-festival-2026-utrecht-ruigenhoekse-polder-2026-05-30-5D4Kfqx4CYJuQi9gUvyyno/regular-tickets/4785146,2026-04-11T11:37:05Z,ok,,Soenda Festival 2026,,Soenda Festival 2026,Ruigenhoekse Polder,Utrecht,2026-05-30,Regular,EUR,20,1647,,98.09,108.01,104.7,103.80250000000001,,,,"{""url"": ""https://www.ticketswap.com/festival-tickets/soenda-festival-2026-utrecht-ruigenhoekse-polder-2026-05-30-5D4Kfqx4CYJuQi9gUvyyno/regular-tickets/4785146"", ""page_title"": ""Soenda Festival 2026 – Buy and sell tickets – TicketSwap"", ""prices_sample"": [98.09, 99.19, 99.19, 99.19, 101.18, 103.48, 103.6, 104.7, 104.7, 104.7, 104.7, 104.7, 104.7, 104.7, 104.7, 104.7, 105.8, 108.01, 108.01, 108.01]}",36,https-www-ticketswap-com-listing-soenda-festival-2026-19764793-fffc3c71e6-1-eur-104-70,1,104.7,EUR,1 ticket Regular €104.70 / ticket,Avatar
12,7,https://www.ticketswap.com/festival-tickets/soenda-festival-2026-utrecht-ruigenhoekse-polder-2026-05-30-5D4Kfqx4CYJuQi9gUvyyno/regular-tickets/4785146,2026-04-11T11:37:05Z,ok,,Soenda Festival 2026,,Soenda Festival 2026,Ruigenhoekse Polder,Utrecht,2026-05-30,Regular,EUR,20,1647,,98.09,108.01,104.7,103.80250000000001,,,,"{""url"": ""https://www.ticketswap.com/festival-tickets/soenda-festival-2026-utrecht-ruigenhoekse-polder-2026-05-30-5D4Kfqx4CYJuQi9gUvyyno/regular-tickets/4785146"", ""page_title"": ""Soenda Festival 2026 – Buy and sell tickets – TicketSwap"", ""prices_sample"": [98.09, 99.19, 99.19, 99.19, 101.18, 103.48, 103.6, 104.7, 104.7, 104.7, 104.7, 104.7, 104.7, 104.7, 104.7, 104.7, 105.8, 108.01, 108.01, 108.01]}",37,https-www-ticketswap-com-listing-soenda-festival-2026-19730530-6e4afa0798-1-eur-105-80,1,105.8,EUR,1 ticket Regular €105.80 / ticket,Avatar
12,7,https://www.ticketswap.com/festival-tickets/soenda-festival-2026-utrecht-ruigenhoekse-polder-2026-05-30-5D4Kfqx4CYJuQi9gUvyyno/regular-tickets/4785146,2026-04-11T11:37:05Z,ok,,Soenda Festival 2026,,Soenda Festival 2026,Ruigenhoekse Polder,Utrecht,2026-05-30,Regular,EUR,20,1647,,98.09,108.01,104.7,103.80250000000001,,,,"{""url"": ""https://www.ticketswap.com/festival-tickets/soenda-festival-2026-utrecht-ruigenhoekse-polder-2026-05-30-5D4Kfqx4CYJuQi9gUvyyno/regular-tickets/4785146"", ""page_title"": ""Soenda Festival 2026 – Buy and sell tickets – TicketSwap"", ""prices_sample"": [98.09, 99.19, 99.19, 99.19, 101.18, 103.48, 103.6, 104.7, 104.7, 104.7, 104.7, 104.7, 104.7, 104.7, 104.7, 104.7, 105.8, 108.01, 108.01, 108.01]}",38,https-www-ticketswap-com-listing-soenda-festival-2026-19734283-09ce9ba8a7-1-eur-108-01,1,108.01,EUR,1 ticket Regular €108.01 / ticket,Avatar
12,7,https://www.ticketswap.com/festival-tickets/soenda-festival-2026-utrecht-ruigenhoekse-polder-2026-05-30-5D4Kfqx4CYJuQi9gUvyyno/regular-tickets/4785146,2026-04-11T11:37:05Z,ok,,Soenda Festival 2026,,Soenda Festival 2026,Ruigenhoekse Polder,Utrecht,2026-05-30,Regular,EUR,20,1647,,98.09,108.01,104.7,103.80250000000001,,,,"{""url"": ""https://www.ticketswap.com/festival-tickets/soenda-festival-2026-utrecht-ruigenhoekse-polder-2026-05-30-5D4Kfqx4CYJuQi9gUvyyno/regular-tickets/4785146"", ""page_title"": ""Soenda Festival 2026 – Buy and sell tickets – TicketSwap"", ""prices_sample"": [98.09, 99.19, 99.19, 99.19, 101.18, 103.48, 103.6, 104.7, 104.7, 104.7, 104.7, 104.7, 104.7, 104.7, 104.7, 104.7, 105.8, 108.01, 108.01, 108.01]}",39,https-www-ticketswap-com-listing-soenda-festival-2026-19739193-198dd8e1c8-2-eur-108-01,2,108.01,EUR,2 tickets Regular €108.01 / ticket,Avatar
12,7,https://www.ticketswap.com/festival-tickets/soenda-festival-2026-utrecht-ruigenhoekse-polder-2026-05-30-5D4Kfqx4CYJuQi9gUvyyno/regular-tickets/4785146,2026-04-11T11:37:05Z,ok,,Soenda Festival 2026,,Soenda Festival 2026,Ruigenhoekse Polder,Utrecht,2026-05-30,Regular,EUR,20,1647,,98.09,108.01,104.7,103.80250000000001,,,,"{""url"": ""https://www.ticketswap.com/festival-tickets/soenda-festival-2026-utrecht-ruigenhoekse-polder-2026-05-30-5D4Kfqx4CYJuQi9gUvyyno/regular-tickets/4785146"", ""page_title"": ""Soenda Festival 2026 – Buy and sell tickets – TicketSwap"", ""prices_sample"": [98.09, 99.19, 99.19, 99.19, 101.18, 103.48, 103.6, 104.7, 104.7, 104.7, 104.7, 104.7, 104.7, 104.7, 104.7, 104.7, 105.8, 108.01, 108.01, 108.01]}",40,https-www-ticketswap-com-listing-soenda-festival-2026-19760613-77a50d8ccc-1-eur-108-01,1,108.01,EUR,1 ticket Regular €108.01 / ticket,Avatar
13,1,https://www.ticketswap.com/festival-tickets/awakenings-festival-2026-hilvarenbeek-beekse-bergen-2026-07-10-TXJX6gNaqqsGTTbeAH4xcK/sunday-ticket-early-bird/5601999,2026-04-11T11:37:16Z,ok,,Awakenings Festival 2026,,Awakenings Festival 2026,Beekse Bergen,Hilvarenbeek,2026-07-12,Sunday Ticket - Early Bird,EUR,14,2081,17,98.7,100.45,100.45,100.235,,,,"{""url"": ""https://www.ticketswap.com/festival-tickets/awakenings-festival-2026-hilvarenbeek-beekse-bergen-2026-07-10-TXJX6gNaqqsGTTbeAH4xcK/sunday-ticket-early-bird/5601999"", ""page_title"": ""Awakenings Festival 2026 – Buy and sell tickets – TicketSwap"", ""prices_sample"": [99.19, 98.7, 100.45, 100.45, 100.45, 100.45, 100.45, 100.45, 100.45, 100.45, 100.45, 100.45, 100.45, 100.45]}",41,https-www-ticketswap-com-listing-awakenings-festival-2026-19766307-c070775951-1-eur-99-19,1,99.19,EUR,1 ticket Sunday Ticket － Early Bird €99.19 / ticket,Avatar
13,1,https://www.ticketswap.com/festival-tickets/awakenings-festival-2026-hilvarenbeek-beekse-bergen-2026-07-10-TXJX6gNaqqsGTTbeAH4xcK/sunday-ticket-early-bird/5601999,2026-04-11T11:37:16Z,ok,,Awakenings Festival 2026,,Awakenings Festival 2026,Beekse Bergen,Hilvarenbeek,2026-07-12,Sunday Ticket - Early Bird,EUR,14,2081,17,98.7,100.45,100.45,100.235,,,,"{""url"": ""https://www.ticketswap.com/festival-tickets/awakenings-festival-2026-hilvarenbeek-beekse-bergen-2026-07-10-TXJX6gNaqqsGTTbeAH4xcK/sunday-ticket-early-bird/5601999"", ""page_title"": ""Awakenings Festival 2026 – Buy and sell tickets – TicketSwap"", ""prices_sample"": [99.19, 98.7, 100.45, 100.45, 100.45, 100.45, 100.45, 100.45, 100.45, 100.45, 100.45, 100.45, 100.45, 100.45]}",42,https-www-ticketswap-com-listing-awakenings-festival-2026-19405257-e5ee4bb6d4-2-eur-98-70,2,98.7,EUR,2 tickets Sunday Ticket － Early Bird €98.70 / ticket,Avatar
13,1,https://www.ticketswap.com/festival-tickets/awakenings-festival-2026-hilvarenbeek-beekse-bergen-2026-07-10-TXJX6gNaqqsGTTbeAH4xcK/sunday-ticket-early-bird/5601999,2026-04-11T11:37:16Z,ok,,Awakenings Festival 2026,,Awakenings Festival 2026,Beekse Bergen,Hilvarenbeek,2026-07-12,Sunday Ticket - Early Bird,EUR,14,2081,17,98.7,100.45,100.45,100.235,,,,"{""url"": ""https://www.ticketswap.com/festival-tickets/awakenings-festival-2026-hilvarenbeek-beekse-bergen-2026-07-10-TXJX6gNaqqsGTTbeAH4xcK/sunday-ticket-early-bird/5601999"", ""page_title"": ""Awakenings Festival 2026 – Buy and sell tickets – TicketSwap"", ""prices_sample"": [99.19, 98.7, 100.45, 100.45, 100.45, 100.45, 100.45, 100.45, 100.45, 100.45, 100.45, 100.45, 100.45, 100.45]}",43,https-www-ticketswap-com-listing-awakenings-festival-2026-19008906-67ce06aef5-2-eur-100-45,2,100.45,EUR,2 tickets Sunday Ticket － Early Bird €100.45 / ticket,Avatar
13,1,https://www.ticketswap.com/festival-tickets/awakenings-festival-2026-hilvarenbeek-beekse-bergen-2026-07-10-TXJX6gNaqqsGTTbeAH4xcK/sunday-ticket-early-bird/5601999,2026-04-11T11:37:16Z,ok,,Awakenings Festival 2026,,Awakenings Festival 2026,Beekse Bergen,Hilvarenbeek,2026-07-12,Sunday Ticket - Early Bird,EUR,14,2081,17,98.7,100.45,100.45,100.235,,,,"{""url"": ""https://www.ticketswap.com/festival-tickets/awakenings-festival-2026-hilvarenbeek-beekse-bergen-2026-07-10-TXJX6gNaqqsGTTbeAH4xcK/sunday-ticket-early-bird/5601999"", ""page_title"": ""Awakenings Festival 2026 – Buy and sell tickets – TicketSwap"", ""prices_sample"": [99.19, 98.7, 100.45, 100.45, 100.45, 100.45, 100.45, 100.45, 100.45, 100.45, 100.45, 100.45, 100.45, 100.45]}",44,https-www-ticketswap-com-listing-awakenings-festival-2026-19344729-0ae480b539-4-eur-100-45,4,100.45,EUR,4 tickets Sunday Ticket － Early Bird €100.45 / ticket,Avatar
13,1,https://www.ticketswap.com/festival-tickets/awakenings-festival-2026-hilvarenbeek-beekse-bergen-2026-07-10-TXJX6gNaqqsGTTbeAH4xcK/sunday-ticket-early-bird/5601999,2026-04-11T11:37:16Z,ok,,Awakenings Festival 2026,,Awakenings Festival 2026,Beekse Bergen,Hilvarenbeek,2026-07-12,Sunday Ticket - Early Bird,EUR,14,2081,17,98.7,100.45,100.45,100.235,,,,"{""url"": ""https://www.ticketswap.com/festival-tickets/awakenings-festival-2026-hilvarenbeek-beekse-bergen-2026-07-10-TXJX6gNaqqsGTTbeAH4xcK/sunday-ticket-early-bird/5601999"", ""page_title"": ""Awakenings Festival 2026 – Buy and sell tickets – TicketSwap"", ""prices_sample"": [99.19, 98.7, 100.45, 100.45, 100.45, 100.45, 100.45, 100.45, 100.45, 100.45, 100.45, 100.45, 100.45, 100.45]}",45,https-www-ticketswap-com-listing-awakenings-festival-2026-19447636-e11d89c27e-2-eur-100-45,2,100.45,EUR,2 tickets Sunday Ticket － Early Bird €100.45 / ticket,Avatar
13,1,https://www.ticketswap.com/festival-tickets/awakenings-festival-2026-hilvarenbeek-beekse-bergen-2026-07-10-TXJX6gNaqqsGTTbeAH4xcK/sunday-ticket-early-bird/5601999,2026-04-11T11:37:16Z,ok,,Awakenings Festival 2026,,Awakenings Festival 2026,Beekse Bergen,Hilvarenbeek,2026-07-12,Sunday Ticket - Early Bird,EUR,14,2081,17,98.7,100.45,100.45,100.235,,,,"{""url"": ""https://www.ticketswap.com/festival-tickets/awakenings-festival-2026-hilvarenbeek-beekse-bergen-2026-07-10-TXJX6gNaqqsGTTbeAH4xcK/sunday-ticket-early-bird/5601999"", ""page_title"": ""Awakenings Festival 2026 – Buy and sell tickets – TicketSwap"", ""prices_sample"": [99.19, 98.7, 100.45, 100.45, 100.45, 100.45, 100.45, 100.45, 100.45, 100.45, 100.45, 100.45, 100.45, 100.45]}",46,https-www-ticketswap-com-listing-awakenings-festival-2026-19477919-e38a78d8c7-2-eur-100-45,2,100.45,EUR,2 tickets Sunday Ticket － Early Bird €100.45 / ticket,Avatar
13,1,https://www.ticketswap.com/festival-tickets/awakenings-festival-2026-hilvarenbeek-beekse-bergen-2026-07-10-TXJX6gNaqqsGTTbeAH4xcK/sunday-ticket-early-bird/5601999,2026-04-11T11:37:16Z,ok,,Awakenings Festival 2026,,Awakenings Festival 2026,Beekse Bergen,Hilvarenbeek,2026-07-12,Sunday Ticket - Early Bird,EUR,14,2081,17,98.7,100.45,100.45,100.235,,,,"{""url"": ""https://www.ticketswap.com/festival-tickets/awakenings-festival-2026-hilvarenbeek-beekse-bergen-2026-07-10-TXJX6gNaqqsGTTbeAH4xcK/sunday-ticket-early-bird/5601999"", ""page_title"": ""Awakenings Festival 2026 – Buy and sell tickets – TicketSwap"", ""prices_sample"": [99.19, 98.7, 100.45, 100.45, 100.45, 100.45, 100.45, 100.45, 100.45, 100.45, 100.45, 100.45, 100.45, 100.45]}",47,https-www-ticketswap-com-listing-awakenings-festival-2026-19557347-ab0bd6e04b-4-eur-100-45,4,100.45,EUR,4 tickets Sunday Ticket － Early Bird €100.45 / ticket,Avatar
13,1,https://www.ticketswap.com/festival-tickets/awakenings-festival-2026-hilvarenbeek-beekse-bergen-2026-07-10-TXJX6gNaqqsGTTbeAH4xcK/sunday-ticket-early-bird/5601999,2026-04-11T11:37:16Z,ok,,Awakenings Festival 2026,,Awakenings Festival 2026,Beekse Bergen,Hilvarenbeek,2026-07-12,Sunday Ticket - Early Bird,EUR,14,2081,17,98.7,100.45,100.45,100.235,,,,"{""url"": ""https://www.ticketswap.com/festival-tickets/awakenings-festival-2026-hilvarenbeek-beekse-bergen-2026-07-10-TXJX6gNaqqsGTTbeAH4xcK/sunday-ticket-early-bird/5601999"", ""page_title"": ""Awakenings Festival 2026 – Buy and sell tickets – TicketSwap"", ""prices_sample"": [99.19, 98.7, 100.45, 100.45, 100.45, 100.45, 100.45, 100.45, 100.45, 100.45, 100.45, 100.45, 100.45, 100.45]}",48,https-www-ticketswap-com-listing-awakenings-festival-2026-19566290-dd5caa2944-2-eur-100-45,2,100.45,EUR,2 tickets Sunday Ticket － Early Bird €100.45 / ticket,Avatar
13,1,https://www.ticketswap.com/festival-tickets/awakenings-festival-2026-hilvarenbeek-beekse-bergen-2026-07-10-TXJX6gNaqqsGTTbeAH4xcK/sunday-ticket-early-bird/5601999,2026-04-11T11:37:16Z,ok,,Awakenings Festival 2026,,Awakenings Festival 2026,Beekse Bergen,Hilvarenbeek,2026-07-12,Sunday Ticket - Early Bird,EUR,14,2081,17,98.7,100.45,100.45,100.235,,,,"{""url"": ""https://www.ticketswap.com/festival-tickets/awakenings-festival-2026-hilvarenbeek-beekse-bergen-2026-07-10-TXJX6gNaqqsGTTbeAH4xcK/sunday-ticket-early-bird/5601999"", ""page_title"": ""Awakenings Festival 2026 – Buy and sell tickets – TicketSwap"", ""prices_sample"": [99.19, 98.7, 100.45, 100.45, 100.45, 100.45, 100.45, 100.45, 100.45, 100.45, 100.45, 100.45, 100.45, 100.45]}",49,https-www-ticketswap-com-listing-awakenings-festival-2026-19576258-737c169ad5-6-eur-100-45,6,100.45,EUR,6 tickets Sunday Ticket － Early Bird €100.45 / ticket,Avatar
13,1,https://www.ticketswap.com/festival-tickets/awakenings-festival-2026-hilvarenbeek-beekse-bergen-2026-07-10-TXJX6gNaqqsGTTbeAH4xcK/sunday-ticket-early-bird/5601999,2026-04-11T11:37:16Z,ok,,Awakenings Festival 2026,,Awakenings Festival 2026,Beekse Bergen,Hilvarenbeek,2026-07-12,Sunday Ticket - Early Bird,EUR,14,2081,17,98.7,100.45,100.45,100.235,,,,"{""url"": ""https://www.ticketswap.com/festival-tickets/awakenings-festival-2026-hilvarenbeek-beekse-bergen-2026-07-10-TXJX6gNaqqsGTTbeAH4xcK/sunday-ticket-early-bird/5601999"", ""page_title"": ""Awakenings Festival 2026 – Buy and sell tickets – TicketSwap"", ""prices_sample"": [99.19, 98.7, 100.45, 100.45, 100.45, 100.45, 100.45, 100.45, 100.45, 100.45, 100.45, 100.45, 100.45, 100.45]}",50,https-www-ticketswap-com-listing-awakenings-festival-2026-19617394-f849b1cb6c-5-eur-100-45,5,100.45,EUR,5 tickets Sunday Ticket － Early Bird €100.45 / ticket,Avatar
13,1,https://www.ticketswap.com/festival-tickets/awakenings-festival-2026-hilvarenbeek-beekse-bergen-2026-07-10-TXJX6gNaqqsGTTbeAH4xcK/sunday-ticket-early-bird/5601999,2026-04-11T11:37:16Z,ok,,Awakenings Festival 2026,,Awakenings Festival 2026,Beekse Bergen,Hilvarenbeek,2026-07-12,Sunday Ticket - Early Bird,EUR,14,2081,17,98.7,100.45,100.45,100.235,,,,"{""url"": ""https://www.ticketswap.com/festival-tickets/awakenings-festival-2026-hilvarenbeek-beekse-bergen-2026-07-10-TXJX6gNaqqsGTTbeAH4xcK/sunday-ticket-early-bird/5601999"", ""page_title"": ""Awakenings Festival 2026 – Buy and sell tickets – TicketSwap"", ""prices_sample"": [99.19, 98.7, 100.45, 100.45, 100.45, 100.45, 100.45, 100.45, 100.45, 100.45, 100.45, 100.45, 100.45, 100.45]}",51,https-www-ticketswap-com-listing-awakenings-festival-2026-19686878-bc0103e710-1-eur-100-45,1,100.45,EUR,1 ticket Sunday Ticket － Early Bird €100.45 / ticket,Avatar
13,1,https://www.ticketswap.com/festival-tickets/awakenings-festival-2026-hilvarenbeek-beekse-bergen-2026-07-10-TXJX6gNaqqsGTTbeAH4xcK/sunday-ticket-early-bird/5601999,2026-04-11T11:37:16Z,ok,,Awakenings Festival 2026,,Awakenings Festival 2026,Beekse Bergen,Hilvarenbeek,2026-07-12,Sunday Ticket - Early Bird,EUR,14,2081,17,98.7,100.45,100.45,100.235,,,,"{""url"": ""https://www.ticketswap.com/festival-tickets/awakenings-festival-2026-hilvarenbeek-beekse-bergen-2026-07-10-TXJX6gNaqqsGTTbeAH4xcK/sunday-ticket-early-bird/5601999"", ""page_title"": ""Awakenings Festival 2026 – Buy and sell tickets – TicketSwap"", ""prices_sample"": [99.19, 98.7, 100.45, 100.45, 100.45, 100.45, 100.45, 100.45, 100.45, 100.45, 100.45, 100.45, 100.45, 100.45]}",52,https-www-ticketswap-com-listing-awakenings-festival-2026-19706065-b587509d95-1-eur-100-45,1,100.45,EUR,1 ticket Sunday Ticket － Early Bird €100.45 / ticket,Avatar
13,1,https://www.ticketswap.com/festival-tickets/awakenings-festival-2026-hilvarenbeek-beekse-bergen-2026-07-10-TXJX6gNaqqsGTTbeAH4xcK/sunday-ticket-early-bird/5601999,2026-04-11T11:37:16Z,ok,,Awakenings Festival 2026,,Awakenings Festival 2026,Beekse Bergen,Hilvarenbeek,2026-07-12,Sunday Ticket - Early Bird,EUR,14,2081,17,98.7,100.45,100.45,100.235,,,,"{""url"": ""https://www.ticketswap.com/festival-tickets/awakenings-festival-2026-hilvarenbeek-beekse-bergen-2026-07-10-TXJX6gNaqqsGTTbeAH4xcK/sunday-ticket-early-bird/5601999"", ""page_title"": ""Awakenings Festival 2026 – Buy and sell tickets – TicketSwap"", ""prices_sample"": [99.19, 98.7, 100.45, 100.45, 100.45, 100.45, 100.45, 100.45, 100.45, 100.45, 100.45, 100.45, 100.45, 100.45]}",53,https-www-ticketswap-com-listing-awakenings-festival-2026-19732832-01972f9312-1-eur-100-45,1,100.45,EUR,1 ticket Sunday Ticket － Early Bird €100.45 / ticket,Avatar
13,1,https://www.ticketswap.com/festival-tickets/awakenings-festival-2026-hilvarenbeek-beekse-bergen-2026-07-10-TXJX6gNaqqsGTTbeAH4xcK/sunday-ticket-early-bird/5601999,2026-04-11T11:37:16Z,ok,,Awakenings Festival 2026,,Awakenings Festival 2026,Beekse Bergen,Hilvarenbeek,2026-07-12,Sunday Ticket - Early Bird,EUR,14,2081,17,98.7,100.45,100.45,100.235,,,,"{""url"": ""https://www.ticketswap.com/festival-tickets/awakenings-festival-2026-hilvarenbeek-beekse-bergen-2026-07-10-TXJX6gNaqqsGTTbeAH4xcK/sunday-ticket-early-bird/5601999"", ""page_title"": ""Awakenings Festival 2026 – Buy and sell tickets – TicketSwap"", ""prices_sample"": [99.19, 98.7, 100.45, 100.45, 100.45, 100.45, 100.45, 100.45, 100.45, 100.45, 100.45, 100.45, 100.45, 100.45]}",54,https-www-ticketswap-com-listing-awakenings-festival-2026-19746682-8f4d226026-2-eur-100-45,2,100.45,EUR,2 tickets Sunday Ticket － Early Bird €100.45 / ticket,Avatar
14,6,https://www.ticketswap.com/festival-tickets/lowlands-festival-2026-biddinghuizen-evenemententerrein-walibi-2026-08-21-CXs82oTdyTQt451dm2umh/weekend-tickets/5708538,2026-04-11T11:37:25Z,no_data,,Lowlands Festival 2026,,Lowlands Festival 2026,Evenemententerrein Walibi,Biddinghuizen,,Weekend,,0,1764,0,,,,,,,,"{""url"": ""https://www.ticketswap.com/festival-tickets/lowlands-festival-2026-biddinghuizen-evenemententerrein-walibi-2026-08-21-CXs82oTdyTQt451dm2umh/weekend-tickets/5708538"", ""page_title"": ""Lowlands Festival 2026 – Buy and sell tickets – TicketSwap"", ""prices_sample"": []}",,,,,,,
